lat,lon,NDVI,FCC,carbon_tC_ha,region,typology
21.984623966278797,88.64210654632389,0.7549606299212599,93,186.69921259842522,Sundarbans,Delta
22.168368348585894,89.0275368930721,0.7482609566885179,92,185.36521913377035,Sundarbans,Delta
21.914253575918526,88.982512926558,0.5385253240237227,64,147.57050648047448,Sundarbans,Delta
21.868325420114832,88.64709063089943,0.7618032287541883,82,173.63606457508374,Sundarbans,Delta
21.91937033945446,88.58914202710304,0.7648195876288659,98,192.8963917525773,Sundarbans,Delta
21.81745699828836,89.10530498526484,0.7390778533635677,88,180.38155706727136,Sundarbans,Delta
21.756781712650664,89.27119578428817,0.47721075185040907,62,143.94421503700818,Sundarbans,Delta
21.890989757330964,88.8375032333236,0.7217056748958,84,175.234113497916,Sundarbans,Delta
21.59016748247029,88.73786959728183,0.8046324269889225,94,188.89264853977846,Sundarbans,Delta
21.89342235792951,88.54895455461185,0.6939852268730214,93,185.47970453746046,Sundarbans,Delta
21.8440223408684,88.62710389065549,0.6175807663410969,78,165.95161532682195,Sundarbans,Delta
21.99720991195926,89.05198353254693,0.7707450030284676,98,193.01490006056935,Sundarbans,Delta
21.84883839689799,89.42145024143122,0.7256116444719728,98,192.11223288943944,Sundarbans,Delta
22.02547116676079,89.10181170702941,0.6518145885734818,78,166.63629177146967,Sundarbans,Delta
22.147960965055546,88.93443997687854,0.5268904164981804,84,171.33780832996362,Sundarbans,Delta
21.715848386572603,88.55378018900637,0.5983367983367983,74,160.76673596673598,Sundarbans,Delta
21.985766296419598,89.18499899370138,0.6667244067209424,80,169.33448813441885,Sundarbans,Delta
21.591330408945705,88.83888559635493,0.8593707986017747,100,197.1874159720355,Sundarbans,Delta
21.958246446475748,89.33080017716996,0.7809085681426107,100,195.61817136285222,Sundarbans,Delta
22.05887657854767,88.7488059728075,0.7124053965120105,89,181.04810793024023,Sundarbans,Delta
22.16308515436406,89.33300466689265,0.6243016759776536,87,176.88603351955308,Sundarbans,Delta
21.78863775152655,88.80123897319501,0.7587038952085488,93,186.774077904171,Sundarbans,Delta
22.436359845305105,89.47657185418987,0.6906545099316184,88,179.41309019863235,Sundarbans,Delta
22.162960376354118,89.41465214181983,0.6905426356589147,86,177.01085271317828,Sundarbans,Delta
22.072852191789735,89.01712094782411,0.6921368280764105,87,178.2427365615282,Sundarbans,Delta
21.99536787496679,88.67819648675311,0.7198162729658792,96,189.59632545931757,Sundarbans,Delta
22.1597046073693,89.30535856711923,0.7420986093552465,84,175.64197218710495,Sundarbans,Delta
21.821235534781238,89.36874924263255,0.700374531835206,93,185.60749063670414,Sundarbans,Delta
21.733051559286107,89.39359333933092,0.7455371632586822,100,194.91074326517364,Sundarbans,Delta
21.81326480496561,88.92975895439575,0.7434869739478958,92,185.26973947895792,Sundarbans,Delta
22.064791843562404,88.76938894315958,0.4530545305453055,51,130.2610906109061,Sundarbans,Delta
21.97445687609574,89.01894641093415,0.7219730941704036,87,178.8394618834081,Sundarbans,Delta
21.961863204642484,88.58578601641508,0.6967356967356967,90,181.93471393471393,Sundarbans,Delta
22.103487236913786,89.13891106827762,0.7238532110091743,88,180.07706422018347,Sundarbans,Delta
21.69374675204552,88.9649510278877,0.7510346329775648,91,184.22069265955128,Sundarbans,Delta
22.060659655557,88.83584177536518,0.6187617260787992,80,168.37523452157598,Sundarbans,Delta
21.743637062660852,88.99939782657715,0.7468665897731641,93,186.5373317954633,Sundarbans,Delta
22.10602310841174,89.46122483655823,0.646921278254092,74,161.73842556508185,Sundarbans,Delta
22.030319040269003,88.98716942679302,0.7169877408056042,85,176.33975481611208,Sundarbans,Delta
22.19968093119433,89.43294248450601,0.5587188612099644,63,146.77437722419927,Sundarbans,Delta
21.59976860168304,88.5378967311809,0.7155700858193706,84,175.11140171638743,Sundarbans,Delta
22.107037516176817,89.09995732352769,0.7152357920193471,83,173.90471584038693,Sundarbans,Delta
22.213669069005498,89.38374775657687,0.6298145506419401,88,178.1962910128388,Sundarbans,Delta
21.791766148591922,89.0073736117061,0.728920741989882,86,177.77841483979762,Sundarbans,Delta
21.847616765364748,89.20179904068999,0.7164461247637051,80,170.3289224952741,Sundarbans,Delta
21.950399220420586,88.95915708073909,0.7176783703552053,73,161.9535674071041,Sundarbans,Delta
22.417030268955614,89.368533966305,0.6180698151950719,93,183.96139630390147,Sundarbans,Delta
22.078207414386686,89.20817508609986,0.6157866282213011,80,168.315732564426,Sundarbans,Delta
22.009758679708234,89.05266371415588,0.4262198706643151,59,139.3243974132863,Sundarbans,Delta
22.045135960945494,89.02445398892078,0.7426573426573426,92,185.25314685314686,Sundarbans,Delta
22.07422306763896,89.43872950404541,0.7152635181382615,81,171.50527036276523,Sundarbans,Delta
21.833185377305877,88.70278894723157,0.7645150827116445,86,178.49030165423287,Sundarbans,Delta
22.39558445212091,89.40493502461794,-0.11299052774018944,38,103.3401894451962,Sundarbans,Delta
21.70101426307697,88.8347004030244,0.7261189044756179,86,177.72237808951235,Sundarbans,Delta
22.107799256546016,88.93567502229813,0.699965433805738,78,167.5993086761148,Sundarbans,Delta
21.797394144701535,89.25622869431476,0.7596741344195519,100,195.19348268839104,Sundarbans,Delta
22.198734315035043,89.26855419868173,0.6611205432937182,84,174.02241086587438,Sundarbans,Delta
22.05949903048611,88.92132176067614,0.7156878782921643,87,178.71375756584328,Sundarbans,Delta
21.976898519519914,89.30288268081777,0.7299712735397382,90,182.59942547079476,Sundarbans,Delta
22.13568311120362,89.25264329917377,0.6676933052358567,91,182.55386610471712,Sundarbans,Delta
21.891008269507395,88.77366786854105,0.5832453361492432,76,162.86490672298484,Sundarbans,Delta
21.867567722025903,88.97615124818064,0.596538483580721,72,158.3307696716144,Sundarbans,Delta
21.938383074598338,89.34580983538652,0.6511861009021049,57,141.42372201804207,Sundarbans,Delta
21.78952937174406,88.71630803438485,0.7481216457960644,87,179.3624329159213,Sundarbans,Delta
22.234294080433802,89.49300346022429,0.7386683338543295,93,186.3733666770866,Sundarbans,Delta
22.046462587029005,88.86475243536238,0.6897666068222621,80,169.79533213644524,Sundarbans,Delta
22.259281230245385,89.397539540122,0.5896279594137542,64,148.5925591882751,Sundarbans,Delta
21.974875752715462,88.58916014270783,0.5917918651520704,69,154.63583730304143,Sundarbans,Delta
21.785972317407992,89.20077705824674,0.7145138112725531,88,179.89027622545106,Sundarbans,Delta
22.11147535691072,89.29065236861173,0.6612597429955761,75,163.2251948599115,Sundarbans,Delta
22.081414286820294,88.96455484307016,0.7623681035146723,97,191.6473620702934,Sundarbans,Delta
22.283660301005487,89.36340552232664,0.696969696969697,87,178.33939393939394,Sundarbans,Delta
21.886497840511296,88.80378365072869,0.7236265588136165,90,182.47253117627233,Sundarbans,Delta
22.21774019980411,89.4097416443222,0.6297376093294461,62,146.99475218658893,Sundarbans,Delta
21.654155233394956,88.33703010524397,0.7710590137429264,87,179.82118027485853,Sundarbans,Delta
21.89254343966022,88.76781449782156,0.4257716805487506,65,146.515433610975,Sundarbans,Delta
